{
  "x_values": [
    0, 1, 2, 3, 4, 5, 6, 7, 8, 9, 10, 11, 12, 13, 14, 15, 16, 17, 18, 19, 20,
    21, 22, 23, 24, 25, 26, 27, 28, 29, 30, 31, 32, 33, 34, 35, 36, 37, 38, 39,
    40, 41, 42, 43, 44, 45, 46, 47, 48, 49, 50, 51, 52, 53, 54, 55, 56, 57, 58,
    59, 60, 61, 62, 63, 64, 65, 66, 67, 68, 69, 70, 71, 72, 73, 74, 75, 76, 77,
    78, 79, 80, 81, 82, 83, 84, 85, 86, 87, 88, 89, 90, 91, 92, 93, 94, 95, 96,
    97, 98, 99
  ],
  "y_values": [
    151.49342830602245, 151.7168997036801, 153.5122767798815,
    157.05833649269752, 157.09002974325085, 157.1217558293525,
    160.7801814603673, 162.8150509186731, 162.3761021468032, 163.96122223397512,
    163.5343868483502, 163.1029273412097, 164.08685188434174,
    160.76029139502617, 157.8104557300001, 157.18588067151813,
    155.6602184308493, 156.78871309603986, 155.47266494499743,
    153.14805754232685, 156.57935508016996, 156.62780247919687,
    157.26285888857274, 154.9133625161458, 154.32459706709545,
    155.04644224651517, 153.24445509167057, 154.49585112836192,
    153.7945737485243, 153.71118624893776, 153.00777302447895,
    157.21232939349684, 157.68533494402098, 156.06991308610918,
    158.21500291031555, 156.27331561037352, 157.191042800383,
    153.77170255262345, 151.6153304548266, 152.50905292656483,
    154.48598608655567, 155.3287226489356, 155.59742608415914,
    155.49521869298056, 153.0381747122457, 152.09848629545627,
    151.67720875353672, 154.29145320597453, 155.47868978511147,
    152.45260947438598, 153.6007774131756, 153.33061285234294,
    152.47676885173104, 154.20012142941277, 156.76212047440467,
    159.12468071263706, 157.9462456661918, 157.82782091448937,
    158.99034777729648, 161.4414380315412, 160.98308955585063, 161.111771602523,
    159.39910165451093, 157.50668840634958, 159.631740051138,
    162.84422010827964, 163.20019986511898, 165.707265660903, 166.9305377109983,
    166.14029820178803, 167.36308941280487, 170.9391625457368,
    171.3675104675169, 174.9967977791449, 170.25730757096542,
    172.40111257971586, 173.0752067161922, 172.97719201526047,
    173.6607135683315, 170.1855757391297, 170.24623196345468,
    171.46045710647817, 174.9162451959612, 174.3797047594139, 173.2627175536275,
    172.75920346645844, 175.0900077018626, 176.24750992118197,
    175.6879895136479, 177.2145243798746, 177.9086794785707, 180.34596945963645,
    179.44186327188174, 179.28653897868622, 179.0023226724219,
    176.57529277615765, 177.66753333028683, 178.6896438746466,
    179.19987078793153, 179.23069652118122
  ]
}
